{"cameraMode":{"drawMode":0,"name":"Shaded","section":"Shading Mode"},"sceneLighting":false,"audioPlay":false,"sceneViewState":{"showFog":true,"showMaterialUpdate":false,"showSkybox":false,"showFlares":true,"showImageEffects":true,"showParticleSystems":true},"in2DMode":false,"pivot":{"x":1.0227519273757935,"y":0.70261549949646,"z":-0.3689076602458954},"rotation":{"x":-0.2218942493200302,"y":0.021056678146123887,"z":-0.0047926814295351509,"w":-0.9748316407203674},"size":4.392668724060059,"orthographic":false}